id,#nodes,gridsize,#drones,endurance,costRatio,costwithDrone,costwithoutDrone,%saving
1,413,23,11,0.59,14.3,180.38075,189.4064,5.00366585680567
2,386,26,1,0.92,40.3,531.69713,579.8804,9.06216477038346
3,311,20,4,0.82,46.8,336.31053,452.62,34.5839513261746
4,126,33,2,0.87,26,231.35953,298.2096,28.8944527160822
5,66,40,12,0.58,21.8,196.57169,210.691,7.18277896476345
6,232,32,1,0.48,32,409.87401,458.2464,11.8017705001593
7,61,31,16,0.33,13.7,108.64589,109.9128,1.166091050476
8,251,22,1,0.34,39.2,349.59655,393.2232,12.4791420281465
9,296,28,7,0.32,39.1,491.62599,535.9536,9.01653104222584
10,162,30,10,0.43,13.4,142.34432,152.352,7.03061421769411
11,367,32,16,0.48,16.4,270.85091,289.6488,6.94030896924067
12,420,31,11,0.85,23.8,350.47381,432.7592,23.478327810001
13,73,25,16,0.69,43,188.39307,282.1488,49.766018463418
14,362,21,3,0.6,49.7,437.97503,557.6176,27.317212581731
15,141,23,18,0.98,25.8,122.86262,203.9114,65.9669963085599
16,207,30,17,0.88,23.9,229.1023,299.16,30.5792215966405
17,465,23,11,0.74,36.1,384.42544,501.6816,30.5016650302852
18,394,27,11,0.78,25.9,311.16188,400.8108,28.8110227383894
19,343,40,15,0.58,47.7,916.46127,1024.023,11.7366367266126
20,295,28,16,0.34,24.8,316.93334,337.662,6.54038480142227
21,454,36,3,0.35,18.6,408.31545,415.072,1.65473777688305
22,113,22,8,0.32,42.1,251.27813,283.7016,12.9034190122316
23,379,40,15,0.91,32.7,602.86295,747.2892,23.9567301324455
24,329,22,4,0.89,25.2,236.66797,289.256,22.2201719987711
25,431,35,14,0.45,22.3,452.35986,483.9946,6.99326858930409
26,176,26,19,0.58,17.8,144.77216,171.1794,18.2405512220029
27,343,24,16,0.91,42.1,358.53499,539.8344,50.5667271135796
28,376,25,7,0.9,27.6,313.56958,392.7892,25.2638090722959
29,181,34,13,0.65,14,174.24276,193.3848,10.9858452655364
30,182,32,15,0.83,48.4,374.70329,624.37,66.6305091690014
31,106,34,11,0.89,26.8,206.68478,275.552,33.3199280566281
32,151,28,11,0.98,22.9,152.93696,230.6808,50.8339122210877
33,129,29,1,0.92,47.9,396.81862,474.8544,19.6653523970221
34,390,39,16,0.81,31.8,586.91853,700.226,19.3054852093356
35,179,22,15,0.48,39.2,256.19411,332.3588,29.7292900293453
36,438,22,8,0.85,42,405.98233,549.738,35.4093415839059
37,478,39,11,0.95,34.9,690.32946,864.864,25.2827888874973
38,325,25,14,0.9,11.3,134.34273,143.0788,6.50282304074066
39,428,31,1,0.52,33,558.1172,594.6138,6.53923584508773
40,291,26,10,0.44,23.2,259.99672,288.274,10.8760141281782
41,286,36,14,0.31,29.2,513.5702,526.8384,2.58352217476792
42,59,37,6,0.94,32.5,213.05991,292.2222,37.1549438840934
43,395,23,10,0.82,21.1,229.31416,273.042,19.0689663473028
44,208,36,8,0.48,49,626.01927,697.3386,11.392513524384
45,309,28,16,0.27,16.4,214.42565,223.3126,4.14453681264346
46,353,27,16,0.28,12,170.44201,176.9616,3.82510743683437
47,269,21,3,0.75,10.9,104.30307,111.2826,6.69158635503251
48,168,21,19,0.48,25.7,167.63273,206.3446,23.0932646625752
49,408,32,15,0.94,14.6,248.8993,273.592,9.92075911824579
50,333,34,8,0.35,13.1,229.41259,235.443,2.62863080007947
51,431,35,5,1,15.1,283.82073,307.872,8.47410617258295
52,334,31,17,0.31,31.8,501.56783,518.7,3.41572345259864
53,72,27,1,0.44,48.5,303.22369,353.742,16.6604100095214
54,118,40,7,0.41,20.2,246.15575,254.7848,3.50552444945933
55,358,33,9,0.92,21.3,317.42564,379.0976,19.4287896844124
56,194,35,18,1,39.4,385.39669,553.5852,43.6403618308191
57,448,26,18,0.52,49.7,604.01906,768.1248,27.1689671514671
58,307,39,16,0.82,35.3,548.58009,681.7708,24.2791731650341
59,409,29,2,0.86,22.5,334.20904,371.3676,11.1183587373938
60,370,21,12,0.37,33.6,328.99894,385.3958,17.141957964971
61,486,34,13,0.57,25.6,506.08469,564.3946,11.5217692121846
62,62,23,10,0.63,29.4,112.88875,153.5952,36.0589075527898
63,232,31,5,0.81,42.6,417.82618,582.7584,39.4738836135161
64,246,21,14,0.42,39.4,284.14166,367.2396,29.2452504148811
65,143,26,3,0.34,16.7,142.03617,151.81,6.88122609895776
66,274,26,6,0.52,14.9,164.247,182.331,11.0102467624979
67,338,27,2,0.45,31.7,392.69408,441.332,12.3857023767713
68,450,33,5,0.28,16.6,327.23472,335.16,2.42189459602578
69,150,28,4,0.91,30.5,186.81717,299.481,60.3069996189323
70,476,27,20,0.99,20,292.26285,333.924,14.2546854654979
71,380,21,15,0.49,13.5,145.56754,153.872,5.70488448180138
72,254,39,5,0.69,14.9,256.5411,270.99,5.63219694622033
73,129,32,4,0.74,36.2,317.54364,411.3006,29.5256929094848
74,223,31,16,0.46,43,496.92981,560.118,12.7157173364182
75,266,23,5,0.37,42.6,409.37654,470.9376,15.0377596136799
76,399,29,15,0.93,32.7,399.43523,549.6624,37.6098948507872
77,404,37,12,0.89,14.4,285.74296,308.009,7.79233196156435
78,73,27,15,0.61,13.9,83.46264,97.65,16.9984558360483
79,407,23,10,0.46,19.9,228.14312,262.584,15.096172963708
80,392,27,13,0.62,24.4,314.764,369.1318,17.2725597590576
81,494,33,15,0.61,20,388.21901,423.132,8.99311705524157
82,262,31,12,0.58,29.4,343.83073,413.864,20.3685313409886
83,429,27,14,0.39,26.2,368.69827,413.7862,12.2289507894897
84,118,27,19,0.45,11.6,86.23085,95.921,11.2374515617091
85,102,32,4,0.46,44.6,387.80158,426.1736,9.89475597288696
86,500,23,19,0.84,32.1,347.9494,463.8336,33.304900080299
87,54,28,18,0.68,45.5,215.16287,296.1808,37.654233743954
88,360,29,3,0.56,35.1,464.49283,548.961,18.1850320488262
89,488,31,17,0.64,30.5,477.85425,586.2038,22.6741836030547
90,76,26,8,0.71,20.6,108.75899,133.5356,22.7812064087759
91,247,24,7,0.99,31.6,238.95464,334.856,40.1337090587569
92,352,39,14,0.59,29.3,554.36833,617.1088,11.3174701015117
93,441,37,8,0.58,46.5,925.67733,1037.764,12.1086113235591
94,104,36,6,0.29,17,184.53798,190.6482,3.31109075757738
95,395,34,20,0.85,38.1,557.61107,736.3488,32.0541932569595
96,110,27,19,0.72,22.1,131.77285,184.9584,40.3615388147103
97,109,34,13,0.25,48.6,491.54589,496.6628,1.04098317249688
98,491,38,16,0.42,38.6,873.29518,913.1984,4.56927061019621
99,61,24,2,0.85,17.6,66.69288,95.5696,43.2980552046935
100,70,27,4,0.25,25.1,165.32093,168.225,1.75662573395878
101,113,28,9,0.46,41.9,340.34824,383.6952,12.7360611590059
102,68,39,5,0.72,36,307.63357,360.6768,17.2423412698426
103,156,39,12,0.42,34,474.88807,507.5112,6.86964614630137
104,201,31,4,0.43,15.6,182.84298,197.6068,8.07458946468713
105,240,33,14,0.47,48.1,630.0684,709.9776,12.6826230294997
106,423,21,13,0.75,20.5,219.61392,249.0996,13.4261434794297
107,236,39,7,0.52,16,270.60495,278.0352,2.74579234415335
108,300,36,9,0.47,25.2,422.16217,447.7008,6.04948330637964
109,308,20,3,0.59,31,249.22635,306.8442,23.118683076649
110,131,36,4,0.92,28.8,238.56471,346.3736,45.1906277336661
111,417,30,11,0.5,21.4,332.74782,368.5504,10.7596737974121
112,132,28,7,0.61,31.5,212.01515,290.3096,36.9287053307275
113,423,25,7,0.99,45.5,475.1492,644.232,35.585201448303
114,100,25,6,0.27,34.1,228.05879,240.5772,5.48911532855192
115,280,38,19,0.34,39.5,725.85289,750.5806,3.40671096590937
116,292,21,19,0.85,11.5,105.15002,111.9348,6.45247618592939
117,234,35,19,0.39,39.5,567.16673,612.2312,7.94554186914311
118,357,23,11,0.44,33.7,330.52891,412.1406,24.6912410778228
119,399,34,3,0.76,47.9,799.14567,907.488,13.5572692272737
120,459,21,17,0.71,18,207.44437,228.6468,10.2207787080459
121,215,21,3,0.95,38.1,242.10169,333.6324,37.8067208039729
122,118,31,19,0.58,31.7,236.94643,308.997,30.4079576130352
123,254,35,8,0.6,30.1,425.52181,487.728,14.6188017953768
124,423,20,17,0.33,40,391.17407,458.208,17.1365985480582
125,498,40,5,0.68,38.9,891.38225,999.297,12.1064504032922
126,420,31,4,0.93,29.1,434.4951,514.9008,18.5055481638343
127,493,34,9,0.51,11.4,242.10599,247.5132,2.23340612101337
128,107,38,10,0.27,24,285.38174,287.3376,0.685348684187015
129,235,35,12,0.48,28.9,407.52938,459.447,12.7396017435602
130,259,30,18,0.66,38.9,439.72317,549.1278,24.8803423299254
131,486,25,5,0.41,10.9,167.88836,171.7716,2.31298941749147
132,360,33,18,0.5,18.3,306.09213,332.794,8.72347485706346
133,61,35,3,0.67,20.9,139.45114,172.4814,23.6859017430765
134,322,36,6,0.77,46.5,662.81801,859.824,29.7224859656424
135,132,35,20,0.85,41.5,369.43818,489.1552,32.4051563917947
136,196,30,10,0.88,20.3,184.71089,253.0158,36.9793627219272
137,235,22,11,0.5,30.8,212.77004,283.7096,33.3409534537851
138,193,31,10,0.49,27.9,318.38629,353.0856,10.8984937762239
139,161,25,8,0.42,48.4,390.5699,453.386,16.0831902304811
140,299,29,15,0.75,35.3,364.98327,494.9776,35.6165174365389
141,438,35,6,0.57,28.8,537.71555,592.1616,10.1254371386507
142,398,23,13,0.33,38.1,435.48981,495.216,13.7147158506418
143,377,28,19,0.3,38.3,549.05613,596.689,8.67540992575748
144,330,31,1,0.54,19.3,301.28676,316.4132,5.02061225657575
145,188,31,6,0.82,10.1,110.93306,120.948,9.02791286925646
146,417,27,17,0.88,12.3,185.19909,193.6728,4.57545984702192
147,125,33,14,0.51,35.1,338.72108,373.065,10.1392921869522
148,118,29,7,0.82,17.2,125.5382,159.6504,27.1727649432603
149,273,30,3,0.54,31,375.9053,430.7574,14.5919996339504
150,269,26,14,0.87,22,214.78584,264.462,23.1282285647881
151,226,32,3,0.65,19.5,244.03904,285.5108,16.9939039261915
152,283,21,15,0.51,39.5,298.83233,391.2244,30.9176955518835
153,57,38,9,0.78,27,180.4947,227.1078,25.8251904349546
154,406,28,1,0.57,17,257.69731,271.116,5.2071517549019
155,336,25,10,0.89,49.5,407.67588,642.616,57.6291440150936
156,224,40,1,0.48,30.4,510.48758,526.7808,3.19169763150751
157,339,28,17,0.85,19.9,242.36079,290.4,19.8213621931171
158,89,25,12,0.93,30.4,128.9696,206.1878,59.8731794159244
159,150,23,6,0.49,31.2,198.98069,251.5816,26.4351832331067
160,299,21,19,0.93,27.4,209.5826,285.9504,36.4380439979273
161,418,21,11,0.45,24,254.316,295.2144,16.0817250979097
162,456,35,19,0.4,31.6,634.71679,671.84,5.84878336052841
163,299,26,13,0.98,24.6,251.64499,312.4428,24.1601511716963
164,262,30,15,0.44,41.2,518.56551,568.416,9.61315186580767
165,135,32,20,0.61,21.6,201.36031,237.692,18.0431237913768
166,346,40,9,0.34,43.5,877.40267,915.798,4.37602155917762
167,244,22,4,0.96,30.1,212.87037,304.416,43.0053417016187
168,463,32,15,0.9,23.7,389.44214,458.1204,17.6350355921935
169,408,23,11,0.72,42.5,384.5957,546.989,42.2244190457668
170,364,29,13,0.51,17.1,242.05972,270.402,11.7087964903867
171,444,38,3,0.93,28.5,588.85901,652.868,10.8700026513987
172,73,37,2,0.73,16.7,131.71432,166.27,26.2353250580499
173,477,20,17,0.34,46.9,490.0273,577.3104,17.8118851745607
174,449,25,13,0.62,28.6,356.15031,432.3564,21.3971707619741
175,59,28,20,0.75,16.9,87.11744,111.0576,27.4803300005142
176,188,24,7,0.82,48.8,271.41765,463.9296,70.9283091943358
177,175,32,19,1,26.7,228.26701,324.016,41.9460481827838
178,162,30,7,0.55,24.3,226.79157,260.829,15.0082430312555
179,401,23,10,0.44,26.4,292.30309,338.3886,15.7663437632493
180,212,24,4,0.51,23.4,181.31856,226.184,24.7439864953704
181,51,29,6,0.37,22.1,117.87081,124.7532,5.83892653321039
182,180,22,7,0.59,13.4,94.5663,114.536,21.1171421531772
183,409,27,15,0.8,13.9,195.69934,212.4528,8.560815790181
184,316,28,5,0.7,27.6,317.33643,387.9254,22.2442062513907
185,213,22,15,0.54,20.1,149.77281,184.764,23.3628453655907
186,493,22,5,0.66,32.4,363.39739,450.0024,23.8320396302241
187,116,30,4,0.45,29.7,262.13114,287.5768,9.70722516981384
188,179,30,13,0.59,43.5,432.86669,511.628,18.1952808611815
189,468,22,16,0.97,13.8,171.74066,180.892,5.32858089633521
190,474,23,17,0.62,19.7,236.20502,268.214,13.5513546663826
191,289,21,13,0.91,11.9,107.01691,119.1024,11.293065740732
192,355,30,2,0.89,26.2,375.07037,425.3676,13.4100782207883
193,165,25,14,0.95,13.9,107.84426,130.6956,21.1892037647623
194,364,35,16,0.63,39.4,640.54321,761.7844,18.9278706115704
195,406,21,11,0.9,23.3,229.20462,273.714,19.4190588304895
196,314,32,14,0.8,27.1,350.77502,442.017,26.0115386779823
197,485,26,4,0.51,48,632.65526,770.6016,21.8043457032192
198,184,25,15,0.68,41.4,248.5758,402.6528,61.9839099381356
199,230,28,4,0.54,21.3,229.84573,268.224,16.6974039500321
200,125,40,14,0.5,21.8,270.31722,283.751,4.96963530477266
201,409,28,16,0.47,49.2,668.70456,787.4488,17.7573546081397
202,98,21,5,0.66,20.1,90.69767,120.384,32.731083389463
203,432,33,17,0.45,18,335.49094,354.6828,5.72053003875455
204,359,38,9,0.59,37.1,678.13867,756.4872,11.5534673756328
205,79,39,9,0.28,38.1,390.11222,397.1532,1.80486015024088
206,301,27,9,0.85,24.2,251.99253,316.2798,25.5115776646236
207,233,35,5,0.76,29.7,353.2725,453.9534,28.4995010933486
208,388,25,8,0.87,32.6,327.9683,438.7656,33.7829296306991
209,226,27,7,0.61,21.9,220.36075,260.634,18.276054152112
210,449,32,17,0.36,47.6,875.60295,920.8342,5.16572608623578
211,222,26,16,0.67,44.5,310.94009,484.0402,55.6699234247987
212,115,28,5,0.35,15.2,136.77785,140.8152,2.9517571741331
213,374,32,18,0.47,20.2,324.66686,346.541,6.73741077238372
214,148,34,7,0.48,15.8,181.01096,193.6682,6.9925268613569
215,98,23,17,0.88,27.2,117.66191,180.236,53.1812631632446
216,103,25,18,0.95,18.6,93.30279,130.1664,39.5096545344464
217,301,30,8,0.47,47.7,611.53573,710.3668,16.1611276580683
218,205,33,2,0.99,39.7,450.40152,541.0216,20.1198432900493
219,400,23,6,0.51,33,352.62195,431.2836,22.3076442064936
220,420,24,17,0.63,10,136.95792,143.412,4.71245474522395
221,349,25,20,0.89,47.9,399.79145,623.7792,56.0261481329828
222,150,28,9,0.86,29.3,200.76458,296.912,47.8906289147219
223,56,32,7,0.89,22.2,118.06197,149.41,26.5521827223449
224,356,27,15,0.55,45.9,508.81161,644.874,26.7412117423972
225,192,20,12,0.33,17,117.47221,135.2316,15.117950024095
226,115,25,17,0.86,48.3,199.54002,399.127,100.023534126137
227,353,37,13,0.26,33.2,645.39959,665.1,3.05243608847041
228,452,24,16,0.98,47,470.33539,672.2034,42.9200128869741
229,340,36,4,0.75,22.2,381.57919,422.4886,10.7210799414926
230,391,30,15,0.35,24.1,381.28126,400.6512,5.08022345498964
231,76,33,14,0.49,11.5,93.80003,99.994,6.60337741896244
232,129,28,2,0.4,29.1,245.82645,277.2864,12.7976261301418
233,323,29,16,0.4,30.4,436.89267,472.8178,8.22287313723986
234,232,37,20,0.3,39,648.61633,655.551,1.06914822819835
235,239,39,7,0.84,17.2,257.0412,298.896,16.2833039995145
236,160,22,6,0.56,17.7,115.8158,147.1386,27.0453599595219
237,295,25,12,0.52,45.2,434.42222,541.4976,24.6477677868319
238,285,32,6,0.79,18.4,242.68975,290.378,19.6498822055732
239,269,39,19,0.61,15.5,272.98753,288.098,5.53522353200531
240,282,21,3,0.64,12.4,113.76679,122.5366,7.70858525585543
241,452,31,3,0.93,17.5,302.48043,326.533,7.95177724390301
242,251,22,19,0.73,26,196.06091,257.8056,31.4926060477838
243,258,25,15,0.52,35.9,332.91231,421.7832,26.694984634242
244,166,22,20,0.61,15.7,105.90713,128.1126,20.9669264005171
245,248,38,1,0.48,11.6,198.61484,203.133,2.27483505260735
246,234,33,17,0.93,49.5,473.42086,737.3656,55.7526637081433
247,228,29,9,0.69,25.9,269.48115,333.3252,23.6914715556171
248,168,23,19,0.39,26.7,192.90132,234.304,21.4631398064046
249,68,37,19,0.81,43.4,302.12348,422.162,39.7316090758653
250,82,33,1,0.65,35.3,281.28472,332.7128,18.2832825046451
251,203,27,16,0.34,39,400.07593,437.1588,9.26895802004384
252,141,23,9,0.99,23.3,118.35143,179.634,51.7801686046379
253,84,33,14,0.63,40.4,285.1079,360.7252,26.5223446982704
254,343,29,2,0.61,38.6,507.36707,582.9,14.8872353895573
255,135,40,18,0.99,16.3,191.25729,226.8014,18.5844471601579
256,367,34,7,0.3,17.1,310.37478,317.2098,2.20218279333133
257,246,26,1,0.89,32.5,338.69435,375.2348,10.7886210679334
258,310,23,12,0.42,24.4,238.96024,280.466,17.3693163348011
259,149,38,5,0.89,27.1,300.91367,368.874,22.5846602449134
260,148,24,14,0.96,11.7,87.23338,99.442,13.9953536134906
261,321,28,18,0.52,32.2,385.66901,454.348,17.8077543746644
262,122,30,18,0.55,28.6,255.64302,293.9824,14.9972332512736
263,126,32,19,0.76,11.5,103.88809,116.2732,11.9215879317831
264,240,28,5,0.84,12.9,145.92967,164.7438,12.8926009357796
265,176,20,15,0.26,46.2,310.66141,350.141,12.7082375632043
266,130,39,7,0.77,40.8,416.98124,514.108,23.2928368671933
267,126,20,9,0.3,41.9,232.34209,270.5472,16.4434735006472
268,359,34,14,0.82,46.9,631.21813,867.6576,37.4576487528963
269,124,36,7,0.26,27.4,322.3695,327.9672,1.7364235760517
270,282,32,2,0.47,44.4,599.90614,689.2858,14.8989406909554
271,309,21,9,0.65,23.1,196.34879,243.501,24.014515190035
272,340,20,10,0.59,20.9,186.27194,220.6764,18.4700175453157
273,373,25,1,0.9,40.7,513.67241,557.6132,8.55424374456863
274,203,31,18,0.33,45.7,553.37028,579.2908,4.68411856162567
275,309,26,10,0.31,26.3,327.66383,349.0536,6.5279619053467
276,135,26,18,0.45,13.6,104.08186,116.1284,11.5741013851981
277,309,21,10,0.5,37.4,273.84977,388.9312,42.0235627731219
278,279,40,20,0.63,16.4,302.04848,321.7438,6.52058239127706
279,413,22,3,0.38,14.5,172.15744,186.964,8.60059257386727
280,419,34,12,0.29,13.8,264.48897,268.1236,1.37420853504779
281,291,31,7,0.7,11.1,155.73005,166.7688,7.08838788660249
282,174,20,16,0.6,21.1,123.35978,158.2056,28.2473104280828
283,312,24,3,0.82,45.9,425.59224,548.6052,28.9039480607071
284,107,37,12,0.48,49.7,505.94023,566.0808,11.8868922520749
285,451,32,9,0.77,42.5,622.51201,806.6278,29.5762631149879
286,458,38,13,0.82,43.4,796.31451,1013.844,27.3170320606113
287,101,37,15,0.65,41.5,403.68164,459.8168,13.9057996296289
288,204,26,8,0.68,45.3,301.47071,483.8064,60.4820581077346
289,409,28,2,0.55,29,421.95224,476.8296,13.0055856558553
290,468,24,16,0.34,43.6,568.38088,649.1574,14.2116884719979
291,317,39,15,0.6,34.6,645.04907,703.2688,9.02562808128691
292,352,40,15,0.66,16.7,329.85581,359.08,8.85968629747644
293,283,29,3,0.47,47.6,554.40348,651.9084,17.587357135637
294,294,35,15,0.39,42.3,701.83992,734.2886,4.62337337551275
295,461,32,3,0.86,32.3,566.1449,639.4628,12.9503771914222
296,208,40,20,0.37,21.8,369.72431,381.719,3.24422540676321
297,315,23,15,0.37,24.4,249.36885,280.0718,12.3122635405344
298,427,35,16,0.72,40.6,688.56427,832.7964,20.9467926646847
299,214,27,11,0.91,37.1,263.4898,401.1318,52.2380752499717
300,273,26,19,0.68,32.2,283.93574,385.2258,35.6735858613643
301,105,30,6,0.38,25.5,224.01861,236.6672,5.64622287407284
302,181,24,5,0.63,42.2,251.32389,382.778,52.3046615266062
303,50,35,13,0.59,43.5,278.6481,308.074,10.5602370875667
304,415,21,17,0.3,33.1,372.10648,404.6922,8.75709554963946
305,403,38,12,0.64,15.4,315.12003,340.2896,7.98729614236202
306,409,28,11,0.73,29.3,374.415,477.0656,27.4162627031503
307,314,20,7,0.62,33.5,242.2461,328.66,35.6719468342318
308,368,20,15,0.96,22,197.5937,243.804,23.3865249752396
309,99,20,18,0.53,36.3,148.33329,210.915,42.1899291790804
310,464,31,19,0.51,49.2,788.73668,925.6512,17.3587108944902
311,475,37,12,0.83,13.3,292.62655,308.944,5.57620284283842
312,152,39,5,0.67,47.8,565.38372,674.817,19.3555767753624
313,500,26,10,0.38,39.7,585.33464,656.166,12.1010025991286
314,313,40,16,0.44,36.6,722.02544,770.154,6.66577066869001
315,450,32,12,0.72,49.9,755.96365,962.49,27.3196138465123
316,150,25,2,0.37,37.2,285.06323,336,17.8685865588487
317,455,32,14,0.82,21.6,366.74375,426.998,16.4295233388435
318,293,29,9,0.69,27.1,303.60309,375.4836,23.675816342976
319,136,30,11,0.59,17.3,156.98758,179.2544,14.1838099549022
320,147,26,7,0.42,15.4,126.59474,138.9568,9.76506606830583
321,272,26,14,0.81,39.3,285.25625,483.2572,69.4116079840494
322,67,36,11,0.36,12.9,112.60704,115.4166,2.49501274520669
323,62,39,13,0.37,41.4,356.99478,365.056,2.25807783519971
324,445,37,4,0.25,49.6,1091.49823,1111.391,1.82251967554727
325,159,22,18,0.85,33.7,173.85301,276.2148,58.8783536160806
326,481,39,18,0.37,14.9,368.01911,371.079,0.831448671238833
327,384,21,10,0.41,22.4,239.20057,262.4122,9.70383557196373
328,412,37,20,0.46,26.7,546.45736,584.096,6.88775424307579
329,374,28,20,0.96,46.8,442.41368,702.128,58.7039532773941
330,73,39,15,0.7,41.7,395.64519,446.475,12.8473216115682
331,174,23,6,0.33,12.1,98.61112,103.932,5.39582148544708
332,440,39,20,0.92,32.7,620.11961,748.5436,20.709551500879
333,252,20,11,0.44,20.6,158.1722,187.8352,18.7536115701748
334,174,27,4,0.72,12,104.5361,120.3264,15.1051167969725
335,373,39,14,0.62,30.6,602.02733,664.0744,10.3063543643442
336,126,23,9,0.44,49,297.02704,395.577,33.1787839921914
337,408,33,6,0.62,35.9,543.21312,672.0192,23.711886782116
338,71,40,15,0.98,13.4,103.59282,133.6,28.9664669810128
339,431,38,3,0.45,41,853.40982,904.9356,6.03763617343893
340,109,37,4,0.59,30.2,295.7837,342.3056,15.7283514946902
341,101,27,13,0.88,18.2,102.3594,146.872,43.4865776860748
342,447,38,12,0.7,16.2,350.14989,370.4204,5.78909506440226
343,242,37,1,0.62,15.6,244.32796,256.3098,4.90399870731126
344,499,35,13,0.82,45.9,787.01653,1018.9368,29.4682844844441
345,93,40,14,0.56,16.8,178.61836,191.38,7.1446406741166
346,387,25,16,0.91,15.6,194.36388,216.6324,11.4571287628133
347,284,36,2,0.61,40.6,655.2595,725.9,10.7805380921604
348,481,36,13,0.82,18.7,378.4462,426.0368,12.5752616884514
349,457,40,19,0.8,17.1,382.53235,419.8116,9.74538493280372
350,184,40,7,0.69,42.7,545.87261,681.984,24.9346436341622
351,429,38,15,0.36,13.7,300.40315,306.311,1.96664049627975
352,245,37,4,0.72,39,525.60704,646.191,22.9418464410218
353,252,34,10,0.83,32.1,376.47744,493.9008,31.1900123417754
354,260,31,14,0.85,45.8,444.58088,655.134,47.359913453768
355,434,20,12,0.59,23.5,229.22874,279.02,21.7212117468342
356,299,39,10,0.34,36.9,716.10989,738.3276,3.10255594989759
357,495,40,3,0.44,12,296.89558,298.6848,0.602642855107516
358,431,23,19,0.39,36.8,420.92096,482.218,14.5626010165899
359,226,33,3,0.56,49.4,580.21879,705.3976,21.5744150581542
360,260,30,16,0.28,26.4,348.20911,358.344,2.91057577442473
361,244,24,16,0.68,20.9,177.51692,228.1734,28.5361417942583
362,381,31,16,0.41,43.3,684.01375,736.086,7.61274901272089
363,168,27,12,0.66,46.2,315.5052,478.6604,51.71236480413
364,259,22,16,0.74,11.7,108.44029,116.76,7.67215764546554
365,203,23,11,0.38,42.6,350.3433,400.1792,14.2248760001975
366,110,24,20,0.82,27.8,142.24277,199.034,39.9255652853217
367,181,21,5,0.75,32.5,168.43928,259.3586,53.9775045345718
368,276,22,6,0.5,31.7,238.00177,323.266,35.8250402927676
369,401,37,6,0.28,32.6,678.8718,693.6636,2.17887972368274
370,193,27,16,0.92,29.8,221.36476,304.9852,37.7749556885206
371,211,36,1,0.56,32.8,467.52104,513.1084,9.75086811066299
372,305,36,4,0.97,27.5,420.75588,505.8908,20.2338039815391
373,494,36,7,0.87,43.3,817.8871,1010.23,23.5170477685734
374,352,24,14,0.56,17.4,192.95204,216.6112,12.2616791198476
375,112,21,18,0.6,35.1,146.77029,226.338,54.2124090645321
376,375,22,1,0.49,24.4,261.57682,285.1234,9.00178387366282
377,70,21,19,0.77,25.9,80.74129,127.7952,58.2773819937729
378,361,38,3,0.56,24.5,474.28469,515.38,8.66469250778472
379,352,33,8,0.31,11.1,192.90849,195.5976,1.3939821933187
380,179,23,20,0.4,14.9,114.82413,131.22,14.2791153740943
381,417,39,5,0.88,32.9,654.21632,765.2106,16.9659906986117
382,244,29,19,0.95,41.2,337.60573,553.4368,63.9299190804611
383,354,37,16,0.5,33.2,623.67352,672.26,7.7903708337657
384,304,20,5,0.85,26.4,198.70164,258.2826,29.9851375157246
385,476,20,16,0.9,46.2,379.72406,567.4258,49.4310895127372
386,373,27,7,0.94,25.3,303.6926,387.4632,27.5840109373755
387,148,28,20,0.76,17.9,133.6484,174.4632,30.5389364930669
388,487,25,1,0.66,44.9,661.76952,705.375,6.58922459892077
389,320,20,18,0.73,46.6,300.03017,462.168,54.0405086595125
390,319,23,1,0.72,39.6,414.25433,459.221,10.8548461038416
391,320,39,14,0.29,31.3,616.0789,624.818,1.41850337675904
392,141,25,11,0.48,36.4,244.17501,315.555,29.2331266823743
393,127,25,9,0.53,48.5,265.44442,386.106,45.4564386774452
394,136,24,3,0.48,28.8,183.53468,232.6128,26.7405157434006
395,467,20,8,0.85,31.6,298.44911,389.329,30.4507157015814
396,486,28,1,0.82,10.3,178.2604,182.6334,2.45315280342688
397,251,36,1,0.44,49.3,776.10639,807.044,3.98625889422195
398,461,21,3,1,39.6,415.68199,499.2288,20.0987322063195
399,392,33,1,0.71,14.6,257.20504,269.2536,4.68441831466444
400,155,23,9,0.36,36,267.09303,315.36,18.0712203534476
401,226,32,15,0.33,21.2,275.01962,284.288,3.37007956014195
402,75,20,9,0.46,18.3,70.54937,89.969,27.5262982504309
403,159,24,3,0.45,30.8,216.47744,269.6888,24.5805567545514
404,380,34,1,0.71,47.7,868.02676,918.5748,5.82332738221112
405,179,31,6,0.43,32.7,335.2312,372.106,10.9998114733951
406,83,35,12,0.63,46,379.56898,436.6044,15.0263649047401
407,253,23,12,0.96,16.4,147.86787,172.8426,16.8898963649101
408,380,29,3,0.54,26.7,380.90787,433.152,13.7156866829766
409,331,28,16,0.99,43.4,400.13255,619.58,54.8436886726661
410,189,22,6,0.98,10.1,78.05313,88.488,13.3689321619774
411,435,25,19,0.85,41.8,416.72558,603.3,44.7715304637647
412,86,33,2,0.44,35.7,294.23898,319.3308,8.52770085051273
413,412,29,12,0.6,13,200.61081,215.5452,7.4444592492299
414,412,36,5,0.48,11.2,232.47358,239.8088,3.15529188306043
415,304,22,16,0.54,10.7,108.04995,116.0704,7.42290949695026
416,84,30,7,0.58,35.9,225.30748,294.84,30.8611680357882
417,159,34,17,0.77,42.2,413.09583,529.4122,28.1572365424265
418,312,38,8,0.85,42.1,611.18216,821.6712,34.4396570737601
419,327,30,3,0.42,16.4,236.26551,256.4562,8.54576277341539
420,375,40,12,0.53,20,421.22619,451.548,7.19846265969359
421,448,28,19,0.97,41.1,479.98643,678.1236,41.2797440960987
422,438,24,8,0.87,22.7,266.32215,325.1352,22.0834241537927
423,169,21,17,0.47,10.6,73.22719,80.8512,10.4114468956135
424,268,34,12,0.72,39.7,512.1168,651.1204,27.1429486398415
425,127,39,2,0.43,28.4,365.68747,376.958,3.08201153296284
426,451,32,20,0.53,49.7,782.46231,938.2828,19.9141208475588
427,60,22,4,0.84,25.1,79.5563,130.305,63.7896684486333
428,420,37,2,0.77,47.6,930.38794,1039.5814,11.7363365651537
429,432,21,16,0.82,49.2,381.11566,598.8376,57.1275239647723
430,192,38,18,0.43,13,196.64295,200.8812,2.15530228772502
431,495,30,8,0.69,20.7,359.29599,393.4892,9.51672463697688
432,80,25,12,0.52,40.3,197.70474,285.7052,44.5110521882278
433,182,40,19,0.45,40.8,612.73087,641.0368,4.61963504466487
434,287,23,9,0.9,15,146.29907,165.591,13.1866388487637
435,278,40,3,0.36,31.5,582.10721,609.1952,4.65343660663471
436,295,27,1,0.39,42.9,526.78624,573.4824,8.86434695029239
437,187,40,9,0.29,18.6,303.05937,304.024,0.318297368598097
438,224,30,11,0.3,37.5,465.33625,488.9024,5.06432713978333
439,221,25,3,0.83,29.9,240.61182,316.044,31.3501556157964
440,274,35,2,0.29,24.7,401.12501,410.034,2.22100087950139
441,271,25,8,0.71,47.6,382.42319,577.9202,51.1205949618275
442,442,27,19,0.44,47.6,651.48936,771.2562,18.383545051296
443,146,32,12,0.89,32.6,254.27785,364.952,43.5248882275825
444,254,25,4,0.5,32.4,310.75714,378.9402,21.9409471975447
445,265,39,3,0.62,26,429.38051,463.6944,7.99148755028494
446,151,20,14,0.88,26.2,136.00482,189.6158,39.4184411993634
447,422,26,8,0.31,35.3,514.93193,557.1148,8.19193131022191
448,58,26,7,0.25,44.9,249.72387,261.846,4.85421357597895
449,211,27,6,0.61,13.1,133.01956,146.2656,9.95796407686207
450,231,38,2,0.97,22.1,314.51833,359.9772,14.4534882911276
451,474,38,1,0.95,10.1,233.69432,238.968,2.25665732911267
452,314,40,17,0.95,18.3,315.53694,369.281,17.032573111725
453,438,26,19,0.98,13.7,196.31651,211.6174,7.79399042902709
454,70,20,18,0.36,34.3,141.7449,176.1506,24.2729720787132
455,356,26,5,0.85,34,371.09769,473.5044,27.5956204416147
456,260,20,2,0.48,34.2,251.41098,305.1478,21.3740943215766
457,420,29,20,0.91,31,388.58453,524.0364,34.8577618362728
458,311,26,1,0.35,28.4,338.9725,363.97,7.37449203106446
459,335,25,13,0.49,39.2,415.14072,512.7336,23.508385301254
460,304,29,5,0.74,30.3,333.71681,448.8484,34.4997874095704
461,169,35,6,0.91,15.9,184.0946,217.824,18.3217758695801
462,234,36,13,0.69,20.2,288.29854,335.7684,16.4655221632409
463,149,26,19,0.66,31.5,213.93585,293.374,37.1317616939844
464,365,40,3,0.87,44.3,833.35429,964.8884,15.7836962716062
465,275,34,6,0.57,45,621.39886,741.474,19.3233602005643
466,273,37,1,0.57,44.4,718.2774,762.8348,6.20336933892116
467,489,34,15,0.68,41.6,728.25204,914.975,25.6398814893811
468,233,40,3,0.43,25.4,433.76203,442.8216,2.08860374431574
469,151,37,13,0.77,48.5,504.69065,637.478,26.3106419744451
470,133,40,13,0.54,14.1,178.91613,189.4452,5.884919375352
471,291,21,10,0.76,20.2,170.03434,204.8502,20.4757815391879
472,318,32,20,0.39,46.6,711.09313,762.524,7.23264897806002
473,193,35,17,0.92,24.8,277.58531,339.216,22.2024321099701
474,61,36,6,0.47,32.3,273.17978,292.2222,6.97065500235778
475,80,20,7,0.97,28.6,92.39335,151.1364,63.5793052205597
476,72,28,1,0.26,40.1,268.4146,281.616,4.91828685920959
477,240,26,20,0.89,27.5,238.81151,321.3744,34.5724081724537
478,161,40,6,0.91,12.1,161.24234,180.4464,11.9100603476729
479,341,24,6,0.28,34.5,393.58206,423.6184,7.63153178272404
480,323,35,13,0.44,20.3,346.86749,366.183,5.56855587705842
481,364,21,18,0.64,26.9,241.2969,312.6114,29.5546689576203
482,88,36,20,0.96,43.7,298.41176,448.151,50.1787329024835
483,396,38,10,0.32,29.3,625.9564,636.152,1.62880353967145
484,493,34,14,0.67,37.8,685.64169,817.1934,19.1866556422495
485,332,35,7,0.98,39.2,553.17444,721.9948,30.5184671945436
486,139,22,6,0.26,43.9,303.88913,329.7624,8.5140491862937
487,270,31,6,0.93,32.2,355.28484,480.5574,35.2597538358237
488,266,38,15,0.25,19.1,335.78729,340.8144,1.49711146005556
489,105,28,12,0.85,29.7,172.34353,250.3748,45.2765879867959
490,140,26,8,0.74,49.6,246.63462,431.9212,75.1259413621656
491,379,39,7,0.47,13.5,279.726,292.768,4.66241965351808
492,217,28,5,0.76,45.2,353.39272,537.608,52.12763862255
493,432,31,2,0.31,26.3,466.54717,482.4372,3.4058785524302
494,489,40,3,0.4,19.4,477.48643,487.0376,2.00030187245321
495,215,37,4,0.31,19.5,292.78606,296.3684,1.22353502758976
496,498,36,12,0.37,10.8,242.49552,247.0592,1.88196466474928
497,371,24,12,0.48,45,464.02906,584.523,25.966895262982
498,323,30,14,0.54,27.2,366.914,428.0072,16.6505502651848
499,341,25,19,0.76,14.2,171.06637,184.4356,7.81522984324738
500,223,21,20,0.49,43.2,270.99867,380.302,40.3335300501659
501,188,36,6,0.79,39.6,451.99917,565.1786,25.0397428827137
502,122,25,19,0.47,34.6,216.41559,289.8896,33.950423811889
503,129,33,9,0.49,22.6,230.17628,253.0008,9.91610430058214
504,137,27,6,0.74,33.1,200.00811,307.8702,53.9288581848006
505,443,24,17,0.86,26.4,306.76673,378.7102,23.452174882198
506,102,39,10,0.49,22.2,258.75422,274.2846,6.00198133966667
507,456,40,5,0.33,46.4,1100.7992,1129.514,2.60854113992814
508,125,38,12,0.45,38,466.58307,488.7864,4.75870888328631
509,404,23,2,0.49,33.9,382.37524,438.8244,14.7627654970547
510,489,30,8,0.79,36.7,544.33421,683.232,25.517005444137
511,480,38,12,0.97,18.1,392.3201,423.1764,7.86508262003398
512,318,21,6,0.78,42.9,324.00191,464.6322,43.4041546236564
513,409,39,15,0.95,38.9,664.35887,878.7402,32.2689046057291
514,166,33,16,0.99,41.6,330.25057,507.475,53.6636257736058
515,312,20,6,0.44,39.8,307.59484,398.1264,29.432080200045
516,249,26,7,0.65,13.7,145.87253,160.2608,9.86359117785918
517,468,27,1,0.98,28.8,445.19485,474.0664,6.48514914312239
518,188,21,20,0.4,42.3,281.77083,351.3328,24.6874277227348
519,195,35,3,0.71,33,367.28552,436.8672,18.944847049783
520,258,26,5,0.43,45.3,475.50651,548.76,15.4053600654174
521,170,35,14,0.86,28.4,261.47408,379.814,45.2587575793364
522,339,31,7,0.79,31.1,386.64511,499.3542,29.1505277281277
523,451,24,5,0.88,31,355.58658,446.5302,25.5756614886872
524,298,36,20,0.34,12.9,227.75963,233.3292,2.44537190370391
525,78,25,12,0.81,11.2,60.18346,70.2644,16.7503496807927
526,184,34,5,0.87,20.4,220.14963,279.0506,26.754971153029
527,467,35,13,0.48,29.5,589.672,644.36,9.27430842909278
528,380,24,13,0.93,23.2,247.68271,308.868,24.7030929207776
529,205,23,19,0.61,34,231.97742,332.52,43.3415372927244
530,52,38,4,0.83,16.6,112.95941,141.72,25.4609952371387
531,495,25,19,0.93,44.3,461.15422,693.6216,50.4098997511071
532,121,27,5,0.6,13,95.55659,111.5166,16.7021552359707
533,492,29,2,0.77,14.6,246.46594,258.7992,5.00404234353842
534,486,24,4,0.91,15.1,206.12709,225.828,9.55765202914376
535,127,25,16,0.48,28,173.1267,230.664,33.2342151730496
536,338,23,20,0.84,14.4,151.98802,166.9604,9.85102641642412
537,77,31,12,0.54,49.2,323.49383,416.0872,28.6229168574869
538,55,36,2,0.59,34.2,238.65502,276.8434,16.0014987323543
539,312,21,2,0.55,36.9,323.49071,389.1438,20.2952010584786
540,418,23,20,0.34,14,173.10009,181.4064,4.79855903021194
541,409,37,6,0.87,28.2,509.94102,596.972,17.0668717727395
542,340,35,6,0.74,45.7,666.61508,822.7398,23.4205202798592
543,82,40,1,0.99,33.4,316.68491,380.22,20.0625568171215
544,481,29,2,0.55,10.4,182.76562,187.3392,2.50242906734865
545,137,22,12,0.52,42.8,228.70715,318.1824,39.1221918510199
546,252,31,17,0.67,48,519.66107,679.9392,30.8428203020865
547,368,27,8,0.42,16.4,226.68122,246.0486,8.54388378534401
548,134,29,10,0.68,16.8,128.2148,161.51,25.968296951678
549,119,32,3,0.67,11.4,105.96261,116.8648,10.2887141039655
550,173,34,5,0.93,49,450.89697,638.5386,41.6151898292863
551,54,33,5,0.57,47.1,301.56127,375.624,24.5597619349461
552,392,33,9,0.89,10.7,190.79519,197.9392,3.74433443526538
553,51,40,17,0.31,24.2,213.37519,219.584,2.90980877392539
554,413,31,15,0.44,15.1,263.20384,277.686,5.50226014939599
555,280,38,10,0.65,24,402.24377,445.9392,10.8629227495556
556,161,38,12,0.48,20.9,268.42845,290.1024,8.07438630294217
557,238,30,20,0.39,44,526.73557,569.712,8.15901420897016
558,316,22,5,0.37,15.8,164.52401,175.0656,6.40732620120308
559,144,33,20,0.43,13.7,155.19198,163.7048,5.48534788975565
560,376,40,19,0.53,49.4,997.34058,1115.328,11.8302034797381
561,65,23,3,0.26,25.6,128.74359,135.9974,5.63430769640647
562,101,37,17,0.84,38.7,309.45231,446.9712,44.4394452896474
563,340,29,8,0.85,49.3,531.33108,756.724,42.4204283325568
564,387,35,14,0.5,36.6,652.29941,724.24,11.028768215504
565,425,32,3,0.35,19.2,348.37284,357.454,2.60673593268637
566,260,25,14,1,29.5,239.53719,343.2552,43.2993348548507
567,124,22,10,0.9,44.1,191.64296,308.5104,60.9818591823044
568,257,23,17,0.98,23.1,180.02408,242.5212,34.7159779958325
569,446,23,12,0.84,30.9,313.94988,420.9366,34.0776432212683
570,120,26,9,0.42,31.1,225.77074,267.6168,18.5347578698639
571,440,37,6,0.73,16.9,346.0517,375.5334,8.51944955045734
572,444,26,9,0.39,44.3,622.25581,691.7862,11.1739237918888
573,197,32,16,0.3,14.5,181.50664,185.4332,2.16331479663774
574,319,34,7,0.96,21.5,309.29231,372.762,20.5209402070165
575,370,30,17,0.4,46,702.53359,760.3524,8.23004206816644
576,366,26,9,0.85,30.6,318.52851,431.0016,35.3102113214293
577,61,29,19,0.53,32.2,182.44053,220.2094,20.7020172546089
578,335,33,8,0.47,46.6,728.87775,814.912,11.8036598044048
579,211,36,8,1,37.3,388.6545,577.4944,48.5881161803093
580,401,38,18,0.92,42.9,718.53227,939.5328,30.7572170697358
581,397,37,15,0.94,49.4,712.17765,1063.3504,49.3097122606979
582,271,30,5,0.27,11.8,161.90789,168.686,4.18639882219452
583,414,26,16,0.54,40.9,494.01774,608.112,23.0951746793546
584,263,35,6,0.71,48.1,630.439,785.952,24.6674142938492
585,57,26,8,0.27,25.5,140.35247,151.7824,8.14373270381346
586,396,39,3,0.55,45.5,900.21177,1001.5312,11.2550661273847
587,308,39,20,0.56,42.8,762.0381,859.6992,12.8157765340079
588,332,40,7,0.84,13.6,266.86311,290.2226,8.75336047758717
589,108,35,3,0.77,37.9,278.31585,405.612,45.7380167173375
590,67,24,18,0.63,11.9,59.77274,70.0704,17.228020666277
591,95,31,20,0.74,40.4,247.8602,357.6034,44.2762492727756
592,242,33,20,0.47,13.2,181.6036,193.224,6.39877183051436
593,85,36,7,0.79,35.9,273.28764,374.9328,37.1934713183516
594,421,25,15,0.37,19.2,255.48522,270.5004,5.8771227548897
595,492,29,5,0.64,24.9,396.11124,448.515,13.2295564246044
596,459,39,3,0.53,23.5,519.43359,544.894,4.90157172931385
597,175,20,11,0.5,30.6,172.86703,241.1504,39.5005166687945
598,164,38,5,0.89,36.6,417.60199,533.896,27.8480497662379
599,327,40,8,0.79,39.4,714.26903,846.296,18.4842075541201
600,401,25,20,0.92,14.6,190.65792,208.0672,9.13116014273103
601,386,21,9,0.7,33.5,277.74654,387.18,39.4004764199763
602,339,37,7,0.76,44.8,675.96298,865.8544,28.0919851557551
603,199,35,17,0.96,29.5,304.20951,434.6938,42.8929029864977
604,118,36,20,0.5,32.2,344.81518,374.4394,8.59133289897502
605,479,39,2,0.33,35.4,859.38255,876.2596,1.96385765570875
606,354,38,14,0.9,25.2,428.1599,521.6032,21.8243931764745
607,364,35,13,0.5,46.4,785.22986,877.8962,11.8011737352933
608,293,20,11,0.87,20.8,162.08619,202.306,24.8138413272593
609,77,25,15,0.46,31,164.56781,195.858,19.0135543518505
610,196,37,3,0.28,27,401.21583,403.623,0.599968849683719
611,414,27,17,0.75,50,517.26903,749.91,44.9748499344722
612,451,36,16,0.6,25.1,500.49977,557.175,11.3237274814332
613,389,30,6,0.52,30.7,443.51244,513.728,15.8317002337071
614,53,36,16,0.45,36,260.31263,294.7968,13.247213552412
615,201,29,12,0.97,16,160.62745,193.4688,20.445664797642
616,257,27,20,0.35,34.5,383.01547,425.493,11.0902909483003
617,189,28,6,0.95,13.1,123.84386,143.676,16.0138257964505
618,204,26,16,0.34,22.8,220.21193,240.2304,9.09054745580768
619,146,22,19,0.43,19.1,117.12496,141.6678,20.9544063024653
620,387,33,15,0.26,35.6,654.03228,664.5342,1.60571891038772
621,330,28,11,0.61,38.8,438.39231,560.164,27.7768763781463
622,427,29,19,0.33,25.4,411.24074,432.0752,5.0662441663732
623,62,31,7,0.97,25.5,93.69349,180.1646,92.2914815106151
624,391,32,1,0.57,33.1,547.11135,578.4174,5.72206188009077
625,120,23,13,0.77,14.8,79.43883,107.5536,35.3917221590499
626,457,25,12,0.75,27.3,336.83316,411.4104,22.1407060991263
627,280,38,13,0.98,43.3,525.51893,781.508,48.7116743825004
628,267,23,15,0.81,37.5,254.12987,403.2672,58.6854784130649
629,137,25,8,0.73,49.2,264.67085,431.7752,63.1366657869577
630,216,21,11,0.45,26.6,195.04801,229.568,17.6982015863684
631,425,29,17,0.79,30.8,396.76247,513.1208,29.3269496986446
632,316,25,2,0.65,29.2,304.39721,353.6896,16.1934434287358
633,403,24,16,0.28,41.9,540.92056,573.4512,6.01394038340859
634,100,26,10,0.34,26.5,177.17276,205.874,16.1995783098937
635,56,20,8,0.84,15.1,43.37062,70.749,63.1265589470476
636,379,36,10,1,20.8,344.1709,409.944,19.1105930222456
637,289,25,1,0.31,14.9,182.64984,190.215,4.14189248673855
638,407,23,13,0.76,22.2,250.30504,297.9088,19.0182986327403
639,355,30,2,0.83,46.5,640.41235,742.308,15.9109439410405
640,493,20,8,0.66,49.4,450.00005,627.3128,39.4028289552412
641,421,21,13,0.6,24.5,246.98149,291.0656,17.8491554164646
642,243,32,7,0.38,27.7,376.73073,404.3926,7.34261046344693
643,155,40,14,0.73,35.6,414.46036,508.4854,22.6861357742391
644,311,34,10,0.61,38.7,572.0456,683.0776,19.4096414691416
645,101,21,13,0.72,30.1,121.90194,174.456,43.1117503134076
646,286,31,15,0.87,45.7,453.4777,678.3418,49.5865838606838
647,388,39,15,0.76,39.5,712.57283,865.2252,21.4227042588756
648,304,38,10,0.79,21.4,351.53085,404.9408,15.1935313785405
649,238,23,6,0.7,15.7,136.32215,159.8094,17.2292250378974
650,288,40,2,0.75,36.8,633.0285,699.908,10.5650061569108
651,304,28,13,0.42,19.4,245.0651,271.5908,10.8239402509782
652,177,23,11,0.25,44.8,385.04128,407.1188,5.73380599607398
653,434,21,16,0.5,35.4,325.36719,425.3144,30.7182817050484
654,158,34,3,0.6,20.5,229.31013,251.9178,9.85899314609433
655,425,36,8,0.83,45.3,747.31686,961.2752,28.6302037933414
656,330,33,20,0.94,38.4,476.11474,653.913,37.3435739460618
657,371,36,4,0.65,16.1,287.02133,313.5744,9.25125320825462
658,421,29,12,0.86,47.4,569.96261,805.5376,41.3316568256995
659,135,22,17,0.89,38.5,180.13924,286.0792,58.8100404997823
660,206,27,11,0.27,11.1,120.77817,123.5322,2.28023822516934
661,421,20,8,0.89,16.4,167.41225,186.3078,11.2868383287364
662,67,31,5,0.82,20.8,125.08234,170.1776,36.0524595238624
663,428,21,9,0.39,38.7,406.86474,484.2536,19.0207831723142
664,200,33,11,0.49,38.6,457.81089,515.5968,12.6222226823831
665,400,34,18,0.42,20.2,372.33192,394.5358,5.96346399739243
666,482,32,9,0.44,31.7,583.98304,637.792,9.21413060214899
667,64,38,5,0.49,13.8,122.17301,126.5752,3.60324264745544
668,436,37,1,0.51,27,571.43151,611.0154,6.92714512715618
669,220,20,20,0.49,16.7,116.51715,138.82,19.1412594626628
670,397,29,15,0.58,39.6,511.44213,637.0308,24.5557928518716
671,73,22,14,0.77,43,145.75068,226.4724,55.3834259984242
672,58,24,13,0.31,37.1,190.58026,211.5438,10.9998485677373
673,378,39,11,0.48,15.5,322.31417,338.7072,5.086040740933
674,94,22,13,0.25,25.2,145.50753,157.168,8.01365400127403
675,326,32,3,0.38,20.3,310.00715,328.4728,5.95652390598087
676,279,24,3,0.52,44.7,391.37294,499.7396,27.6888483910001
677,411,34,3,0.41,13.1,248.00799,256.7682,3.53222894149499
678,67,25,15,0.29,14.9,89.89063,93.636,4.16658554957285
679,290,34,7,0.29,10.9,188.09848,188.7204,0.330635314012118
680,497,37,4,0.63,46.6,960.32486,1113.28,15.9274373049137
681,494,20,6,0.64,13.7,162.33043,173.2004,6.69619984373848
682,173,22,16,0.65,45.3,228.71601,383.6016,67.7196100089364
683,480,35,10,0.33,45,960.17328,985.392,2.62647592109626
684,100,35,16,0.44,18.7,185.15594,192.696,4.07227551003766
685,173,40,15,0.6,44.8,595.20145,687.3932,15.4891675751126
686,141,32,3,0.94,37.4,322.92255,429.184,32.9061720836777
687,466,40,10,0.67,33.3,704.35775,810.76,15.1062794439331
688,359,31,13,0.56,43.9,654.15746,763.9368,16.781791344243
689,194,22,2,0.43,14.8,113.38081,131.6744,16.1346439490069
690,498,26,5,0.4,32.8,481.49177,538.2748,11.7931465370634
691,227,26,19,0.8,23.4,190.58688,260.778,36.8289359687299
692,340,33,11,0.39,48.6,782.30869,827.9952,5.83995941550899
693,251,24,9,0.87,21.7,178.64997,224.497,25.6630493696697
694,459,21,15,0.51,11.6,143.32814,148.253,3.43607333493618
695,474,25,11,0.66,35,425.34066,536.151,26.0521390078249
696,111,20,15,0.51,17.3,81.18219,100.7864,24.1484123549759
697,354,31,20,0.75,27.1,353.10057,431.8272,22.2958093780477
698,55,20,15,0.39,47.7,165.78292,209.5808,26.4188132287693
699,121,36,16,0.73,27.7,257.91261,316.8442,22.8494411343439
700,94,27,6,0.56,14.2,87.26757,104.9114,20.2180833040269
701,155,24,7,0.51,34.3,235.49605,301.9342,28.212001857356
702,489,29,7,0.84,46.7,663.12044,849.268,28.0714556167202
703,218,38,12,0.42,37.8,598.61144,629.3648,5.13744942796282
704,353,23,19,0.91,35.1,307.30797,426.09,38.6524404166934
705,268,34,8,0.79,43.7,513.2705,695.086,35.4229397559377
706,445,37,14,0.4,23.7,507.67719,523.5824,3.13293768427927
707,340,33,11,0.74,49.5,635.0257,856.2392,34.8353617814208
708,133,32,8,0.43,44.1,429.71682,480.084,11.721016645334
709,460,23,17,0.33,10.6,139.48473,143.6608,2.99392628856219
710,263,33,15,0.58,30.5,401.13339,462.644,15.3342034179703
711,394,35,18,0.46,33.4,605.05078,649.2,7.29677928850865
712,108,40,5,0.68,16.4,178.36433,198.1462,11.0907096727244
713,226,34,4,0.36,47.3,679.89538,739.0248,8.69684097573953
714,415,27,16,0.37,36.8,514.73273,568.7,10.4845227153129
715,412,22,15,0.52,31.8,325.9945,402.762,23.5487101776257
716,271,25,10,0.58,17.7,183.07761,205.322,12.1502514698548
717,64,37,12,0.59,23.4,174.18568,212.296,21.879134955296
718,278,40,3,0.7,11.3,210.60662,221.7956,5.31273898227891
719,317,37,7,0.79,49.9,727.76952,944.28,29.7498691618742
720,352,33,17,0.6,37,524.80978,639.1158,21.7804668198066
721,459,39,16,0.87,15,326.06231,354.555,8.73841873965746
722,318,27,19,0.65,10.2,137.96581,144.2678,4.56779110708661
723,436,28,8,0.4,16,253.38859,265.728,4.86975755301373
724,373,30,11,0.41,30.8,484.02909,522.2288,7.89202772915982
725,459,27,11,0.67,18.3,273.68672,309.232,12.9875793754261
726,280,37,18,0.98,18.7,280.29205,333.1552,18.8600247491857
727,205,39,5,0.79,23.8,308.47185,382.4202,23.9724791743558
728,57,27,8,0.78,44.2,179.00837,271.4264,51.6277702545417
729,372,26,6,0.39,45.3,555.417,641.2944,15.4617881699696
730,354,36,20,0.61,12.1,215.27544,226.7424,5.32664571490367
731,320,28,15,0.89,29.6,307.11069,418.1932,36.1701867167177
732,485,22,17,0.28,12.6,167.45197,172.8316,3.21264061569417
733,250,39,14,0.7,41.2,587.40951,728.9464,24.0950967920148
734,404,40,20,0.49,31.2,692.4221,721.6944,4.22752248953349
735,179,32,17,0.85,40,371.13605,506.016,36.3424544718844
736,72,33,9,0.29,18.1,150.86772,153.7704,1.92399010205762
737,228,20,18,0.79,48.6,264.69029,419.3704,58.4381504890111
738,62,32,10,1,46,222.21676,365.5068,64.482102970091
739,72,26,13,0.52,32,161.83002,198.7392,22.8073752941512
740,400,23,8,0.74,10.2,127.12247,131.533,3.4695125102588
741,273,40,15,0.41,34.3,623.03303,648.7558,4.12863664708112
742,122,20,4,0.38,25.2,130.83806,156.3624,19.5083448959729
743,358,33,20,0.32,12.1,206.76029,210.7296,1.91976418682718
744,497,23,17,0.3,37.1,506.12489,549.1392,8.49875413161363
745,284,35,10,0.51,40.1,634.62712,685.464,8.01051174743368
746,53,20,6,0.66,24.3,68.51304,110.1424,60.761221513452
747,335,32,11,0.84,31,399.02304,524.706,31.4976699089857
748,203,29,1,0.86,37.5,392.79587,448.448,14.1682065038006
749,410,30,6,0.35,49.4,796.40338,860.3536,8.02987802487729
750,221,30,4,0.58,48.5,489.61079,628.082,28.281895094673
751,352,24,18,0.65,27.8,271.64043,348.4672,28.2825240705148
752,148,29,14,0.89,42.7,258.13898,434.0736,68.1549992953408
753,73,23,3,0.41,21.9,100.63867,120.7932,20.0266259480575
754,338,26,13,0.89,16.1,197.51858,213.1584,7.91815129493134
755,164,20,8,0.25,12.8,89.19795,94.6504,6.11275259128714
756,364,25,2,0.29,33.2,417.9963,448.5,7.29760048115258
757,227,30,11,0.74,18.3,202.14818,232.749,15.1378162296589
758,137,35,13,0.72,16.9,179.89445,198.8898,10.559163998667
759,266,32,16,0.8,29.2,333.58058,433.7872,30.0397043496956
760,287,24,17,0.88,18.7,182.59639,216.6304,18.6389281847248
761,123,24,4,0.67,17.9,108.70357,143.8884,32.367685808295
762,382,26,12,0.99,18,222.93491,262.8072,17.8851710573279
763,373,23,1,0.93,19.4,223.04601,243.3448,9.10071872614981
764,275,23,1,0.77,23.5,234.45593,261.856,11.6866611136686
765,74,27,5,0.58,36.7,194.36162,254.408,30.8941549262658
766,469,23,4,0.7,24.3,297.79318,346.3558,16.3074990501797
767,455,36,13,0.54,28.1,554.24903,599.1888,8.10822709062748
768,264,23,8,0.35,41.4,389.61086,445.9784,14.4676511327225
769,145,21,10,0.59,41.8,193.3122,308.675,59.6769370996761
770,203,31,15,0.96,43.2,339.30314,551.278,62.47359219841
771,230,20,3,0.96,27.5,175.1647,238.0624,35.907748536092
772,357,39,7,0.39,40.8,810.44493,848.4856,4.69380072499188
773,358,32,18,0.69,34.6,483.57556,598.5616,23.7782984731487
774,152,29,6,0.45,41.4,375.90973,419.8144,11.6795779667634
775,220,24,8,0.65,45.4,300.92914,472.6544,57.0650153720573
776,472,22,6,0.46,30.1,335.92318,402.732,19.88812442178
777,442,29,3,0.95,43,621.74721,738.1638,18.7241033216699
778,108,33,12,0.87,36,241.01237,378.432,57.0176667695521
779,77,36,3,0.74,30.2,223.77526,273.7826,22.3471263087796
780,201,36,20,0.79,15.7,208.85723,239.8692,14.848406253401
781,202,32,12,0.63,46.3,498.96365,623.8876,25.0366835339608
782,360,40,3,0.53,34,679.65185,739.2552,8.76968848094799
783,109,37,13,0.91,33.7,281.88834,373.8616,32.6275503271969
784,120,37,15,0.82,32.6,298.05296,387.394,29.97488768439
785,176,27,10,0.48,10.2,101.06933,106.8384,5.70803229822541
786,94,30,19,0.35,47.5,387.91584,411.1822,5.99778549904022
787,388,31,16,0.99,22.3,319.30767,392.6602,22.9723670590187
788,182,39,3,0.54,40.9,577.93159,640.6086,10.8450569383134
789,263,40,16,0.53,47.8,844.91268,903.8172,6.97166954578075
790,176,27,9,0.93,14.1,120.14821,147.3612,22.6495176249401
791,436,34,10,0.91,36.1,549.04056,709.2144,29.1734075165594
792,262,40,3,0.59,24.7,424.4959,459.9544,8.35308421117849
793,256,40,3,0.57,12,214.63063,219.42,2.23144758043154
794,89,36,10,0.85,21.1,161.84946,221.5332,36.8760822556961
795,166,26,11,0.86,19.7,147.82643,191.16,29.3138175629351
796,230,21,19,0.72,11.3,90.73939,99.7084,9.88436223783298
797,237,30,14,0.59,12,147.27129,156.6288,6.35392682443403
798,78,23,19,0.31,46.6,259.56067,284.508,9.61136754655472
799,58,32,11,0.95,25.6,135.17686,184.7384,36.6642190090819
800,443,25,16,0.84,47.8,474.54123,717.9744,51.2986342619797
801,143,22,19,0.27,30.5,208.57664,234.3068,12.3360698494328
802,113,27,3,0.64,20.5,130.97342,174.7284,33.4075265042327
803,290,35,13,0.61,29.8,425.5138,506.054,18.9277527544347
804,81,35,13,0.97,45.6,285.86899,446.5652,56.2132360001692
805,108,30,14,0.66,39.7,268.29894,367.1626,36.8483229937472
806,342,30,13,0.86,25.2,305.57814,404.7456,32.4524064450422
807,379,29,20,0.89,22.2,299.69543,365.0696,21.8135358286911
808,114,31,16,1,15,116.25146,147.717,27.0667912471809
809,145,35,2,0.59,46.9,491.17242,569.217,15.8894467242277
810,181,20,6,0.98,36.1,169.17256,283.3056,67.4654565728627
811,242,22,19,0.95,44.3,247.54943,421.8228,70.3994228546598
812,335,28,16,0.55,49.5,584.67984,727.8936,24.4943899553643
813,403,40,17,0.55,17.2,400.33256,415.4176,3.76812717906332
814,304,28,6,0.9,28.9,309.04466,396.5112,28.3022330817817
815,203,28,14,0.43,43.3,444.72011,505.206,13.6008893323938
816,274,20,9,0.27,42.2,360.05731,397.2052,10.3172158898815
817,100,27,12,0.93,40.6,189.90144,328.3508,72.9059031885172
818,53,36,2,0.36,25.3,194.25658,202.0232,3.99812454229349
819,165,33,16,0.99,36.6,297.39628,446.028,49.977666163141
820,119,28,16,0.67,47.4,294.53344,418.3888,42.0513745400183
821,120,32,19,0.35,35.7,336.23383,348.3492,3.60325729270015
822,456,24,20,0.99,39.9,409.27674,576.096,40.7595261826998
823,437,36,2,0.68,11.1,233.02311,241.4742,3.62671753887414
824,369,22,1,0.77,19.9,221.57651,239.292,7.99520219900565
825,180,21,3,0.33,43.1,305.99432,347.8098,13.6654432016908
826,332,31,17,0.85,39.5,465.8958,643.3854,38.09641555043
827,199,28,6,0.36,28.9,307.71257,330.4608,7.39268792301855
828,383,37,3,0.89,22.6,418.91565,470.3288,12.2729122199182
829,345,29,8,0.54,31.9,412.28046,498.4704,20.9056572799982
830,191,27,12,0.6,25.3,216.27481,276.9744,28.0659546065489
831,113,36,10,0.53,10.5,118.00627,123.7248,4.84595437174653
832,214,35,12,0.69,36.1,419.30363,516.7368,23.2369011448816
833,461,30,14,0.7,29.3,453.02917,532.664,17.5783007526866
834,132,21,1,0.51,32.7,193.46311,241.6092,24.8864447594169
835,328,24,3,0.57,25.7,265.18662,312.6046,17.8809850964577
836,144,33,8,0.36,17.3,200.54547,209.6432,4.53649239745979
837,248,36,5,0.34,28.7,454.18378,464.142,2.19255297932479
838,424,32,11,0.64,19.7,330.18907,357.186,8.17620340976155
839,108,32,9,0.98,17.6,125.68194,168.5294,34.0919785292939
840,275,35,11,0.27,33.5,553.12816,565.34,2.20777766946454
841,497,39,10,0.95,20.9,475.73887,528.318,11.0520988121067
842,113,31,4,0.76,15.4,122.05668,154.8268,26.8482806512515
843,284,38,16,0.74,45.6,636.4134,838.7688,31.7962192499404
844,57,35,20,0.84,44.4,264.59508,375.6452,41.969835569127
845,213,25,14,0.93,46.7,275.20366,490.7,78.3043147027914
846,89,34,7,0.66,35.6,295.5793,349.6974,18.309164410363
847,407,20,9,0.53,17.2,177.41772,200.2416,12.8644872676754
848,270,26,14,0.73,11.4,127.57651,138.312,8.41494253134845
849,467,34,7,0.27,39,804.14484,826.137,2.734850602287
850,398,23,3,0.36,31.5,351.83465,396.2288,12.6179016194113
851,123,33,10,0.83,30.6,242.66134,332.1752,36.8883893907451
852,463,23,13,0.63,23.2,276.81507,334.012,20.662505838284
853,75,40,1,0.97,24.2,226.09414,256.7848,13.5742837032397
854,63,24,19,0.94,33.3,127.50138,195.1,53.0179516488371
855,144,36,18,0.33,27.9,340.62316,358.9992,5.39482987592506
856,459,21,15,0.61,11.8,141.23126,149.499,5.85404392766871
857,161,40,20,0.27,13.4,210.18541,211.792,0.764367993001991
858,250,39,10,0.68,41.2,655.16026,742.884,13.3896613326333
859,241,25,4,0.43,14.7,152.29276,165.5104,8.67909938725913
860,238,27,11,0.25,35.4,405.0851,420.9896,3.92621204778947
861,430,20,4,0.93,28.5,269.34726,327.76,21.6867771366971
862,488,39,18,0.63,33.3,745.15104,804.1,7.91100821653554
863,451,33,17,0.45,35,646.32907,695.877,7.66605314534281
864,140,26,6,0.68,25.1,161.64677,219.735,35.9352865510397
865,133,26,6,0.64,12.5,93.17264,104.4088,12.0595058806963
866,206,21,3,0.41,15,113.94543,129.672,13.8018435666968
867,59,32,15,0.68,22,136.6295,165.2112,20.9191280067628
868,269,33,8,0.55,29,394.62635,455.01,15.3014744200431
869,90,34,4,0.34,31,305.91599,310.5828,1.52552012727416
870,281,20,10,0.78,41.6,247.63946,389.65,57.3456831152838
871,333,34,18,0.78,23.8,348.80363,427.0082,22.4208016413132
872,114,26,4,0.76,14,86.04551,111.7788,29.9066040749831
873,385,30,6,0.81,15.6,235.84221,265.5312,12.5884971990383
874,285,34,19,0.36,16.7,270.544,278.66,2.99988171979422
875,125,40,2,0.52,11.1,142.53696,148.7046,4.32704612193218
876,241,29,9,0.61,28.8,302.09755,367.4608,21.6364713980633
877,397,40,11,0.57,16.2,362.08333,378.6818,4.58415746452621
878,349,24,14,0.9,48.6,358.02391,616.1492,72.0972211045905
879,149,25,11,0.74,39.4,214.09949,347.3684,62.246252898594
880,282,22,20,0.3,32.4,309.05337,338.7628,9.61304191570538
881,166,27,7,0.3,40.5,394.99617,421.201,6.63419850374751
882,198,34,13,0.95,47.6,390.82318,655.9124,67.8284281909789
883,313,35,11,0.84,31.2,433.30755,551.9304,27.376132726051
884,163,24,3,0.87,20.7,127.92473,177.1464,38.47705600004
885,157,35,8,0.68,28.4,293.78071,349.452,18.9499473944358
886,68,27,15,0.73,29.6,140.14795,208.0642,48.4603948898289
887,442,38,10,0.67,29.1,577.06758,659.721,14.3230052882194
888,297,21,4,0.65,10.6,102.10579,109.9264,7.65932078876233
889,372,39,15,0.61,30.9,592.48805,675.8496,14.0697436851258
890,326,40,9,0.99,35.6,557.41595,732.9928,31.4983541464861
891,478,35,12,0.9,21,407.93612,467.4726,14.5945595599625
892,229,22,19,0.71,40.4,258.3489,392.7176,52.0105562671256
893,373,29,1,0.31,23.4,368.2341,377.888,2.62167463578196
894,420,23,13,0.72,23.2,262.46367,317.898,21.1207631136149
895,414,24,17,0.44,33.8,396.86007,460.9438,16.147689033064
896,387,25,1,0.89,26.9,337.66135,372.6,10.3472458426172
897,318,39,3,0.74,10.4,197.77692,203.5212,2.90442383266967
898,436,23,11,0.86,41.4,390.02967,569.904,46.1181145526698
899,472,20,14,0.64,37.8,324.82331,451.2316,38.9160156024517
900,216,37,7,0.35,12,190.81892,192.2328,0.7409537796357
901,150,35,10,0.38,19.9,240.01668,251.916,4.95770543947196
902,468,28,9,0.43,28.2,427.82395,478.839,11.9243090528242
903,488,39,5,0.83,18.9,420.58759,464.2422,10.3794336870472
904,363,24,9,0.87,50,402.42242,640.62,59.1909317577286
905,56,29,1,0.42,48.1,268.70814,316.8576,17.9188691492561
906,180,32,17,0.77,40.4,357.90063,503.602,40.7100065736123
907,217,37,2,0.64,12.4,178.1533,194.2796,9.05192325935023
908,488,29,14,0.85,15.9,265.66101,292.8192,10.2228738797613
909,183,36,10,0.68,26.8,334.47559,387.04,15.7154696998965
910,84,35,16,0.9,16.9,111.95185,161.6904,44.428519939599
911,82,28,14,0.33,11.8,77.9115,82.264,5.58646669618732
912,232,27,16,0.8,34.8,271.56789,407.4928,50.0519078304876
913,393,29,3,0.74,19.9,293.62828,332.628,13.282004035851
914,324,38,9,0.58,16.7,314.74697,335.96,6.7397090431085
915,281,22,2,0.86,30.5,264.66972,318.5,20.3386620879789
916,492,22,12,0.41,25.3,310.17883,349.1896,12.5768641270586
917,401,22,12,0.77,14.4,169.07645,181.1246,7.12585933759551
918,231,23,7,0.3,45.9,429.04682,472.0428,10.0212792627154
919,443,32,18,0.31,18,336.13583,345.924,2.91196865267234
920,474,28,2,0.63,40.7,628.77801,704.5988,12.0584353768987
921,292,23,9,0.54,24.2,230.89044,277.838,20.3332628237012
922,402,31,8,0.73,49.6,670.4776,890.871,32.8711056118802
923,429,29,13,1,10.8,175.69485,182.1504,3.67429665695949
924,132,38,18,0.51,14.7,187.93339,196.0288,4.30759536663494
925,70,30,15,0.7,40.3,234.60615,307.3884,31.0231637150177
926,323,37,18,0.3,18.9,348.41614,356.82,2.41201799664046
927,220,27,9,0.91,22.1,190.02132,250.734,31.9504569276753
928,342,37,4,0.52,46.3,822.26863,900.6366,9.53070166376164
929,221,22,4,0.74,15.1,114.96823,135.333,17.7133891684685
930,227,21,2,0.61,22.7,174.78294,208.352,19.2061422012926
931,451,39,19,0.38,45.8,1041.2299,1055.0644,1.32866910564131
932,213,40,13,0.28,46.2,786.8699,787.8798,0.128343961307964
933,469,38,15,0.39,26.4,618.20948,635.3338,2.7699866394802
934,287,39,7,0.93,10.8,192.21943,203.296,5.76246116222485
935,419,22,10,0.59,12.1,145.68759,154.1664,5.81985740858231
936,74,34,13,0.46,39.8,290.17766,335.7704,15.7120089809808
937,394,32,4,0.78,41.2,646.63095,759.8472,17.5086345619553
938,312,23,2,0.8,35,346.9417,411.831,18.7032288133712
939,197,29,6,0.82,27.9,244.96785,325.1136,32.7168442716054
940,471,24,8,0.82,13.9,194.32952,203.6412,4.79169608405352
941,91,37,6,0.69,39.2,347.00089,433.3668,24.8892474022185
942,375,22,15,0.3,28,316.87193,338.604,6.8583133886299
943,448,29,3,0.39,41.2,659.84664,714.4384,8.27340122547264
944,273,28,3,0.78,17.3,203.02461,234.156,15.3338011583916
945,480,38,20,0.59,41.4,845.24865,964.9928,14.1667366164974
946,197,33,10,0.69,39.7,419.58844,538.3084,28.2943829434386
947,402,20,18,0.38,44.4,409.61669,506.9694,23.7667830380642
948,498,28,1,0.91,31.9,536.74043,570.4704,6.28422382863914
949,128,24,9,0.71,22.7,134.81751,186.2384,38.1411064482648
950,298,31,19,0.53,48.9,631.54125,740.9094,17.3176573976759
951,148,31,14,0.62,49.1,409.76753,544.8996,32.977739841905
952,171,22,18,0.98,20,126.11031,162.144,28.5731515527953
953,177,29,3,0.91,32,252.57872,342.5472,35.619976219691
954,295,28,8,0.52,31.3,367.93596,438.228,19.1044224109
955,139,24,7,0.32,21.9,161.21811,185.3412,14.9630150111548
956,264,20,12,0.5,13.7,118.40431,128.617,8.62526879300254
957,156,25,17,0.97,21.9,137.1156,192.0204,40.042708488312
958,268,39,9,0.88,29.5,439.64715,545.837,24.1534262191851
959,213,36,2,0.48,32.4,453.00605,502.3824,10.8997109420503
960,451,39,14,0.29,17.3,408.84095,412.9632,1.00827717967096
961,222,27,13,0.8,49.2,360.37744,560.4464,55.5165051397224
962,169,39,5,0.7,41.7,529.73977,649.325,22.5743349418527
963,448,37,16,0.44,49.9,1068.8796,1118.94,4.68344610562312
964,205,28,5,0.76,35,265.39824,397.236,49.6754462275259
965,228,30,3,0.51,47.2,536.13994,645.7024,20.4354221399734
966,84,28,5,0.69,46.3,235.71913,326.9002,38.6820832063991
967,433,29,12,0.34,16.8,272.57366,283.51,4.01225122045907
968,204,37,13,0.37,41,565.91665,615.246,8.71671649879888
969,137,31,10,0.65,16.8,164.06805,184.26,12.3070579555252
970,346,39,5,0.78,44.9,782.24785,949.482,21.3786653424487
971,64,33,16,0.36,12.6,100.81161,102.3644,1.5402888615706
972,444,20,13,0.91,30.7,274.71733,364.5408,32.6966886289991
973,343,37,8,0.34,19.8,385.35597,395.0522,2.51617484997053
974,116,39,8,0.37,49.3,565.79424,585.5472,3.4911914267632
975,427,33,7,0.65,23.4,405.11107,458.724,13.2341310742261
976,211,26,2,0.39,22.6,228.08594,249.3152,9.30757064639758
977,316,40,19,0.95,20.5,344.01142,407.358,18.4140921833351
978,54,37,20,0.82,45.3,260.76408,370.872,42.2251101455385
979,78,26,7,0.81,26.6,115.0571,175.776,52.7728406156595
980,467,32,1,0.77,25.2,461.65464,486.9928,5.48855308808334
981,466,38,15,0.99,10.6,239.87745,248.9664,3.78899725672421
982,440,23,19,0.56,18.2,232.69262,257.895,10.8307603395415
983,197,26,16,0.79,30.3,222.20994,319.1734,43.6359687599934
984,144,31,19,0.5,26.6,254.15095,286.608,12.7707765798239
985,301,20,2,0.57,28.7,234.14007,275.7332,17.7642084073862
986,298,21,6,0.38,49.4,423.77841,510.156,20.3827254908998
987,314,39,18,0.8,16.6,308.94752,333.93,8.08631834947242
988,361,33,3,0.54,10.3,177.82382,181.7654,2.21656468745299
989,461,22,14,0.57,21.5,258.61259,296.79,14.76239420517
990,97,23,19,0.45,12.4,69.96525,76.59,9.46862906943091
991,440,27,14,0.89,28.5,368.89068,468.945,27.1230273424094
992,266,27,9,0.64,21.9,221.81,277.5696,25.1384518281412
993,332,32,20,0.35,12.7,205.6914,210.52,2.34749727018242
994,453,23,19,0.7,43.4,416.94605,599.56,43.7979805780628
995,367,35,20,0.83,12.4,223.3467,236.4374,5.86115666808598
996,132,28,11,0.83,15.5,106.62158,140.8888,32.1391035473307
997,165,31,7,0.32,29.9,329.79341,352.08,6.75774267290543
998,268,28,3,0.57,38.4,419.1947,502.688,19.9175466674555
999,94,24,5,0.71,31.2,135.49944,209.9584,54.9514890984051
1000,205,40,5,0.82,38.5,502.12669,645.076,28.4687734882207
